brand,apex
aetna,aetna.com
zynga,zynga.com
citizensbank,citizensbank.com
gkpge,gkpge.com
stgeorge,stgeorge.com.au
nubank,nubank.com.br
otomoto,otomoto.pl
pubg,pubg.com
worldofwarcraft,worldofwarcraft.com
tibia,tibia.com
paxful,paxful.com
aeon,aeon.co.jp
raiffeisen,raiffeisen.at
metrobankonline,metrobankonline.co.uk
nedbank,nedbank.co.za
safra,safra.com
bper,bper.it
commbank,commbank.com.au
plumdistrict,plumdistrict.com
smbc,smbc.co.jp
kiwibank,kiwibank.co.nz
mbtrading,mbtrading.com
volksbanken,volksbanken.at
cembra,cembra.ch
jreast,jreast.co.jp
eppicard,eppicard.com
nationalcity,nationalcity.com
guildwars2,guildwars2.com
bitmex,bitmex.com
myhermes,myhermes.co.uk
societegenerale,societegenerale.com
swedbank,swedbank.com
unicreditgroup,unicreditgroup.eu
cibc,cibc.com
bankofthewest,bankofthewest.com
nantucketbank,nantucketbank.com
very,very.co.uk
bbva,bbva.com
americanas,americanas.com
cartasi,cartasi.it
co-operativebank,co-operativebank.co.uk
nets,nets.eu
revolut,revolut.com
smilebank,smilebank.com
usaa,usaa.com
kcfcu,kcfcu.org
tdameritrade,tdameritrade.com
citibank,citibank.com
downeysavings,downeysavings.com
cielo,cielo.com.br
sparkasse,sparkasse.de
creditagricole,creditagricole.it
discoverbank,discoverbank.com
gtbank,gtbank.com
littlewoods,littlewoods.com
visa,visa.com
lloydsbank,lloydsbank.com
nationwide,nationwide.co.uk
bancasa,bancasa.com.br
accurint,accurint.com
northernrock,northernrock.co.uk
peoples,peoples.com
post,post.ch
mastercard,mastercard.us
capitecbank,capitecbank.co.za
sars,sars.gov.za
absa,absa.com
homerun,homerun.co
poste,poste.it
runescape,runescape.com
suntrust,suntrust.com
virginmedia,virginmedia.com
suncorp,suncorp.com.au
livingsocial,livingsocial.com
skyfinancial,skyfinancial.com
netsuite,netsuite.com
hotmail,hotmail.com
itau,itau.com.br
permanenttsb,permanenttsb.ie
paypay,paypay.ne.jp
centurylink,centurylink.com
independentbank,independentbank.com
bokfinancial,bokfinancial.com
bendigoadelaidebank,bendigoadelaidebank.com.au
ebayinc,ebayinc.com
usbank,usbank.com
interactivebrokers,interactivebrokers.com
nordea,nordea.com
tippr,tippr.com
rbcroyalbank,rbcroyalbank.com
bankmillennium,bankmillennium.pl
associatedbank,associatedbank.com
rabobank,rabobank.com
lasalle,lasalle.edu
localbitcoins,localbitcoins.com
regions,regions.com
firstfed,firstfed.com
tagged,tagged.com
three,three.co.uk
habbo,habbo.com
natwest,natwest.com
spectrum,spectrum.com
giffgaff,giffgaff.com
navyfederal,navyfederal.org
cimbbank,cimbbank.com
pkobp,pkobp.pl
optus,optus.com.au
mymonero,mymonero.com
nicos,nicos.co.jp
comerica,comerica.com
bitfinex,bitfinex.com
alliancebank,alliancebank.com.my
labanquepostale,labanquepostale.fr
amarillo,amarillo.com
fiona,fiona.com.au
gruppocarige,gruppocarige.it
standardbank,standardbank.co.za
blockchain,blockchain.com
playdom,playdom.com
eppos,eppos.com
dinersclub,dinersclub.com
westpac,westpac.com.au
salemfive,salemfive.com
bitflyer,bitflyer.com
firstdirect,firstdirect.com
lottomatica,lottomatica.it
myetherwallet,myetherwallet.com
compass,compass.com
vodafone,vodafone.com
crownresorts,crownresorts.com.au
groupon,groupon.com
myspace,myspace.com
tesco,tesco.com
e-gold,e-gold.com
santander,santander.com.br
rackspace,rackspace.com
mycrypto,mycrypto.com
barclays,barclays.com
franklintempleton,franklintempleton.com
huntington,huntington.com
xapo,xapo.com
scotiabank,scotiabank.com
bradesco,bradesco.com.br
usairways,usairways.com
idexcorp,idexcorp.com
americangreetings,americangreetings.com
bndes,bndes.gov.br
discovery,discovery.com
intesasanpaolo,intesasanpaolo.com
hsbc,hsbc.com
careerbuilder,careerbuilder.com
playfish,playfish.com
deutsche-bank,deutsche-bank.com
virustotal,virustotal.com
halifax,halifax.co.uk
westernunion,westernunion.com
1x001,1x001.com
iherb,iherb.com
uptodown,uptodown.com
interia,interia.pl
streamtape,streamtape.com
playstation,playstation.com
agacelebir,agacelebir.com
lectortmo,lectortmo.com
intel,intel.com
dell,dell.com
usps,usps.com
ilovepdf,ilovepdf.com
tabelog,tabelog.com
wikihow,wikihow.com
zillow,zillow.com
t-online,t-online.de
reverso,reverso.net
snapchat,snapchat.com
forms,forms.gle
upornia,upornia.com
concursolutions,concursolutions.com
namu,namu.wiki
auth0,auth0.com
pornone,pornone.com
66law,66law.cn
icourse163,icourse163.org
likecs,likecs.com
ahrefs,ahrefs.com
adyen,adyen.com
softonic,softonic.com
cricbuzz,cricbuzz.com
tribunnews,tribunnews.com
payoneer,payoneer.com
chinatimes,chinatimes.com
sankakucomplex,sankakucomplex.com
smallseotools,smallseotools.com
dailymail,dailymail.co.uk
ecer,ecer.com
news18,news18.com
bhphotovideo,bhphotovideo.com
samsung,samsung.com
liputan6,liputan6.com
wetransfer,wetransfer.com
soap2day,soap2day.ac
globo,globo.com
36kr,36kr.com
elsevier,elsevier.com
boyfriendtv,boyfriendtv.com
telewebion,telewebion.com
bild,bild.de
fiverr,fiverr.com
homedepot,homedepot.com
shopify,shopify.com
kompas,kompas.com
mangadex,mangadex.org
libvio,libvio.me
myworkday,myworkday.com
harvard,harvard.edu
arca,arca.live
justdial,justdial.com
eghtesadonline,eghtesadonline.com
archiveofourown,archiveofourown.org
123pan,123pan.com
drom,drom.ru
51job,51job.com
adobelogin,adobelogin.com
apkpure,apkpure.com
youporn,youporn.com
bdimg,bdimg.com
sina,sina.com.cn
inven,inven.co.kr
usatoday,usatoday.com
afreecatv,afreecatv.com
autohome,autohome.com.cn
spotify,spotify.com
naver,naver.com
giphy,giphy.com
myfreecams,myfreecams.com
chinaz,chinaz.com
breitbart,breitbart.com
canva,canva.com
webmd,webmd.com
douban,douban.com
ximalaya,ximalaya.com
nikkei,nikkei.com
yiyouliao,yiyouliao.com
target,target.com
tampermonkey,tampermonkey.net
imagefap,imagefap.com
albawabhnews,albawabhnews.com
4399,4399.com
xiaomi,xiaomi.com
merriam-webster,merriam-webster.com
instagram,instagram.com
githubusercontent,raw.githubusercontent.com
liquipedia,liquipedia.net
zhihuishu,zhihuishu.com
docomo,docomo.ne.jp
chinatax,chinatax.gov.cn
fextralife,fextralife.com
sxyprn,sxyprn.com
51cto,51cto.com
wildberries,wildberries.ru
norton,norton.com
padlet,padlet.com
lanzoug,lanzoug.com
quizlet,quizlet.com
quark,quark.cn
bendibao,bendibao.com
webtoons,webtoons.com
gazeta,gazeta.ru
worldometers,worldometers.info
media-amazon,media-amazon.com
baiducontent,baiducontent.com
statista,statista.com
amazonaws,amazonaws.com
autodesk,autodesk.com
tsinghua,tsinghua.edu.cn
united,united.com
reuters,reuters.com
pornez,pornez.net
dingtalk,dingtalk.com
istockphoto,istockphoto.com
gsmarena,gsmarena.com
marca,marca.com
anxia,anxia.com
porntrex,porntrex.com
editorialmanager,editorialmanager.com
indianexpress,indianexpress.com
fmkorea,fmkorea.com
cocomanga,cocomanga.com
iqiyi,iqiyi.com
epicgames,epicgames.com
alicdn,alicdn.com
emalls,emalls.ir
maigoo,maigoo.com
58pic,58pic.com
crunchyroll,crunchyroll.com
livejasmin,livejasmin.com
zxxk,zxxk.com
byrut,byrut.org
verizon,verizon.com
xervoo,xervoo.net
gamer,gamer.com.tw
qualtrics,qualtrics.com
list-manage,list-manage.com
tamin,tamin.ir
microsoftonline,microsoftonline.com
blizzard,blizzard.com
423down,423down.com
okezone,okezone.com
eghtesadnews,eghtesadnews.com
slickdeals,slickdeals.net
segmentfault,segmentfault.com
office365,office365.com
cloudflare,cloudflare.com
news,news.com.au
qoo10,qoo10.sg
xiaoman,xiaoman.cn
theverge,theverge.com
amazon,amazon.com
basecamp,basecamp.com
icloud,icloud.com
bloomberg,bloomberg.com
bscscan,bscscan.com
book4you,book4you.org
dropbox,dropbox.com
aajtak,aajtak.in
momoshop,momoshop.com.tw
pornhubpremium,pornhubpremium.com
walmart,walmart.com
wowhead,wowhead.com
blog,blog.jp
khanacademy,khanacademy.org
slideshare,slideshare.net
pikiran-rakyat,pikiran-rakyat.com
redbubble,redbubble.com
eastday,eastday.com
fardanews,fardanews.com
doubleclick,doubleclick.net
etoro,etoro.com
biobiochile,biobiochile.cl
huanqiu,huanqiu.com
ndtv,ndtv.com
doordash,doordash.com
made-in-china,made-in-china.com
daum,daum.net
telegram,telegram.org
fanfiction,fanfiction.net
time,time.ir
hdfcbank,hdfcbank.com
ifeng,ifeng.com
zhipin,zhipin.com
china,china.com
eatthis,eatthis.com
screenrant,screenrant.com
whatsapp,whatsapp.com
exness,exness.com
xhamster18,xhamster18.desi
paramountplus,paramountplus.com
nexusmods,nexusmods.com
gamewith,gamewith.jp
g2afse,g2afse.com
ali213,ali213.net
yuketang,yuketang.cn
e621,e621.net
opensooq,opensooq.com
bytedance,bytedance.net
dzen,dzen.ru
semrush,semrush.com
ubereats,ubereats.com
teachable,teachable.com
mydramalist,mydramalist.com
cnnindonesia,cnnindonesia.com
okta,okta.com
riotgames,riotgames.com
sf-express,sf-express.com
investopedia,investopedia.com
kapanlagi,kapanlagi.com
book118,book118.com
greasyfork,greasyfork.org
oracle,oracle.com
gamespot,gamespot.com
atwiki,atwiki.jp
chsi,chsi.com.cn
coursera,coursera.org
techradar,techradar.com
sjtu,sjtu.edu.cn
twitch,twitch.tv
cityheaven,cityheaven.net
blogspot,bp.blogspot.com
moneycontrol,moneycontrol.com
ampproject,ampproject.org
w3schools,w3schools.com
thotsbay,thotsbay.com
flickr,flickr.com
javhdporn,javhdporn.net
atlassian,atlassian.net
360doc,360doc.com
arxiv,arxiv.org
huijiwiki,huijiwiki.com
udemy,udemy.com
hbomax,hbomax.com
thisvid,thisvid.com
pinimg,pinimg.com
52pojie,52pojie.cn
freshdesk,freshdesk.com
artstation,artstation.com
y2mate,y2mate.com
chaoxing,chaoxing.com
11st,11st.co.kr
minecraft,minecraft.net
pngwing,pngwing.com
premierleague,premierleague.com
animixplay,animixplay.to
gumroad,gumroad.com
fidelity,fidelity.com
speedtest,speedtest.net
hitomi,hitomi.la
salesforce,salesforce.com
mileroticos,mileroticos.com
activehosted,activehosted.com
pixabay,pixabay.com
bestbuy,bestbuy.com
ctrip,ctrip.com
taobao,taobao.com
wikiwiki,wikiwiki.jp
timeanddate,timeanddate.com
weiyun,weiyun.com
fapello,fapello.com
jianshu,jianshu.com
docin,docin.com
creditkarma,creditkarma.com
deepl,deepl.com
nhentai,nhentai.net
wondershare,wondershare.com
emojipedia,emojipedia.org
hindustantimes,hindustantimes.com
southwest,southwest.com
bdys01,bdys01.com
duosecurity,duosecurity.com
gismeteo,gismeteo.ru
weebly,weebly.com
zoom,zoom.us
idntimes,idntimes.com
similarweb,similarweb.com
nintendo,nintendo.com
mcmod,mcmod.cn
ticketmaster,ticketmaster.com
zcool,zcool.com.cn
oraclecloud,oraclecloud.com
biblegateway,biblegateway.com
figma,figma.com
gofile,gofile.io
cuevana3,cuevana3.me
foxnews,foxnews.com
adobe,adobe.com
amap,amap.com
googleapis,storage.googleapis.com
asana,asana.com
tumblr,tumblr.com
javbus,javbus.com
huya,huya.com
1337x,1337x.to
myshopify,myshopify.com
convertio,convertio.co
alibaba-inc,alibaba-inc.com
visualstudio,visualstudio.com
cupfox,cupfox.app
notion,notion.so
yahoo,yahoo.com
wiley,wiley.com
ruliweb,ruliweb.com
hulu,hulu.com
instructure,instructure.com
sozcu,sozcu.com.tr
overleaf,overleaf.com
blackboard,blackboard.com
abs-cbn,abs-cbn.com
vimeo,vimeo.com
linkedin,linkedin.com
saednews,saednews.com
mercadolivre,mercadolivre.com.br
xvideos,xvideos.com
missav,missav.com
curseforge,curseforge.com
douyu,douyu.com
gazzetta,gazzetta.it
americanexpress,americanexpress.com
dytt8,dytt8.net
grammarly,grammarly.com
bhaskar,bhaskar.com
indeed,indeed.com
pchome,pchome.com.tw
zalo,zalo.me
schoology,schoology.com
thingiverse,thingiverse.com
discordapp,discordapp.com
justwatch,justwatch.com
coinmarketcap,coinmarketcap.com
savefrom,savefrom.net
bing,bing.com
ghxi,ghxi.com
doorblog,doorblog.jp
redgifs,redgifs.com
namecheap,namecheap.com
gstatic,gstatic.com
jetbrains,jetbrains.com
slack,slack.com
switch520,switch520.com
chiphell,chiphell.com
cloudfront,cloudfront.net
ensonhaber,ensonhaber.com
nexon,nexon.com
payu,payu.in
hotels,hotels.com
dlsite,dlsite.com
mdpi,mdpi.com
airtable,airtable.com
cnbcindonesia,cnbcindonesia.com
asus,asus.com
parsfootball,parsfootball.com
idnes,idnes.cz
asriran,asriran.com
javatpoint,javatpoint.com
wordreference,wordreference.com
mcbbs,mcbbs.net
googlevideo,googlevideo.com
addthis,addthis.com
xero,xero.com
mihoyo,mihoyo.com
bongacams,bongacams.com
yhdmp,yhdmp.cc
manhuagui,manhuagui.com
xxxxx520,xxxxx520.com
trello,trello.com
9anime,9anime.id
sberbank,sberbank.ru
zhibo8,zhibo8.cc
uidai,uidai.gov.in
ezgif,ezgif.com
digikala,digikala.com
gearbest,gearbest.com
service-now,service-now.com
douyin,douyin.com
airbnb,airbnb.com
frontiersin,frontiersin.org
ieee,ieee.org
piliapp,piliapp.com
miguvideo,miguvideo.com
fmovies,fmovies.to
mydrivers,mydrivers.com
xfantazy,xfantazy.com
weibo,weibo.com
futbin,futbin.com
gosuslugi,gosuslugi.ru
biligame,biligame.com
getbootstrap,getbootstrap.com
spiegel,spiegel.de
kumparan,kumparan.com
dy2018,dy2018.com
hootsuite,hootsuite.com
tmall,tmall.com
monday,monday.com
springer,springer.com
deviantart,deviantart.com
youm7,youm7.com
business,business.site
readmanganato,readmanganato.com
nytimes,nytimes.com
capitalone,capitalone.com
neea,neea.edu.cn
squarespace,squarespace.com
ctfile,ctfile.com
tripadvisor,tripadvisor.com
tradingview,tradingview.com
dianping,dianping.com
office,office.com
btnull,btnull.org
apache,apache.org
smallpdf,smallpdf.com
epfindia,epfindia.gov.in
gitlab,gitlab.com
freecodecamp,freecodecamp.org
facebook,facebook.com
eksisozluk,eksisozluk.com
exoclick,exoclick.com
bitbucket,bitbucket.org
patreon,patreon.com
wayfair,wayfair.com
fitgirl-repacks,fitgirl-repacks.site
bitly,bitly.com
ettoday,ettoday.net
clickup,clickup.com
livescore,livescore.com
sarkariresult,sarkariresult.com
washingtonpost,washingtonpost.com
txxx,txxx.com
etherscan,etherscan.io
wnacg,wnacg.org
yuque,yuque.com
xuexi,xuexi.cn
ixigua,ixigua.com
pikabu,pikabu.ru
fararu,fararu.com
dribbble,dribbble.com
cctv,cctv.com
hdtoday,hdtoday.tv
opensea,opensea.io
repubblica,repubblica.it
nextdoor,nextdoor.com
meesho,meesho.com
discord,discord.com
rumble,rumble.com
n-tv,n-tv.de
macys,macys.com
azure,azure.com
xueqiu,xueqiu.com
hotmart,hotmart.com
wykop,wykop.pl
royalbank,royalbank.com
unsplash,unsplash.com
3dmgame,3dmgame.com
anjuke,anjuke.com
realtor,realtor.com
mercadolibre,mercadolibre.com.mx
scribd,scribd.com
primevideo,primevideo.com
rapidgator,rapidgator.net
windows,windows.net
ikea,ikea.com
xunlei,xunlei.com
zendesk,zendesk.com
noodlemagazine,noodlemagazine.com
faphouse,faphouse.com
byjus,byjus.com
wellsfargo,wellsfargo.com
shaparak,shaparak.ir
vjav,vjav.com
rctiplus,rctiplus.com
rule34,rule34.xxx
cdninstagram,cdninstagram.com
tokopedia,tokopedia.com
hostinger,hostinger.com
toutiao,toutiao.com
jb51,jb51.net
apple,apple.com
srvtrck,srvtrck.com
yektanet,yektanet.com
pinterest,pinterest.com
roblox,roblox.com
themeforest,themeforest.net
bandcamp,bandcamp.com
kickstarter,kickstarter.com
hanime,hanime.tv
youdao,youdao.com
workplace,workplace.com
18183,18183.com
healthline,healthline.com
blogger,blogger.com
lowes,lowes.com
fandom,fandom.com
delgarm,delgarm.com
omofun,omofun.tv
hqporner,hqporner.com
chaturbate,chaturbate.com
torob,torob.com
divar,divar.ir
ilive,ilive.cn
sci-hub,sci-hub.se
bilibili,bilibili.com
kemdikbud,kemdikbud.go.id
enimerotiko,enimerotiko.gr
mgtv,mgtv.com
remove,remove.bg
pngtree,pngtree.com
trendyol,trendyol.com
91porn,91porn.com
documentforce,documentforce.com
cint,cint.com
xbox,xbox.com
icicibank,icicibank.com
pornhub,pornhub.com
dramacool,dramacool.ee
sourceforge,sourceforge.net
independent,independent.co.uk
gamersky,gamersky.com
aliyundrive,aliyundrive.com
npmjs,npmjs.com
codecanyon,codecanyon.net
windowsazure,windowsazure.com
github,github.com
google,google.com
cbssports,cbssports.com
sogou,sogou.com
kdocs,kdocs.cn
wordpress,wordpress.com
9game,9game.cn
coinbase,coinbase.com
onet,onet.pl
filimo,filimo.com
rtbrvdirect,rtbrvdirect.com
xiumi,xiumi.us
redfin,redfin.com
youtube,youtube.com
dood,dood.pm
pdfdrive,pdfdrive.com
twimg,twimg.com
sinaimg,sinaimg.cn
onlyfans,onlyfans.com
varzesh3,varzesh3.com
4chan,4chan.org
duolingo,duolingo.com
merdeka,merdeka.com
thepaper,thepaper.cn
kakao,kakao.com
cookpad,cookpad.com
oschina,oschina.net
hao123,hao123.com
17track,17track.net
smzdm,smzdm.com
telegra,telegra.ph
nalog,nalog.ru
freepik,freepik.com
battle,battle.net
ytimg,ytimg.com
etsy,etsy.com
b2clogin,b2clogin.com
flaticon,flaticon.com
suara,suara.com
quillbot,quillbot.com
uniqlo,uniqlo.com
trontv,trontv.com
lanzoui,lanzoui.com
tktube,tktube.com
fantia,fantia.jp
digitalocean,digitalocean.com
elmundo,elmundo.es
mheducation,mheducation.com
cnki,cnki.net
erome,erome.com
rutracker,rutracker.org
accuweather,accuweather.com
godaddy,godaddy.com
zippyshare,zippyshare.com
mangakakalot,mangakakalot.com
sahibinden,sahibinden.com
protonmail,protonmail.com
thepiratebay,thepiratebay.org
indiatimes,indiatimes.com
kinopoisk,kinopoisk.ru
asos,asos.com
tutorialspoint,tutorialspoint.com
hatenablog,hatenablog.com
1377x,1377x.to
soundcloud,soundcloud.com
supjav,supjav.com
yangkeduo,yangkeduo.com
envato,envato.com
wikimedia,wikimedia.org
directcpmrev,directcpmrev.com
drive2,drive2.ru
togetter,togetter.com
asurascans,asurascans.com
t66y,t66y.com
xnxx,xnxx.com
youku,youku.com
medium,medium.com
rediff,rediff.com
meituan,meituan.com
axisbank,axisbank.co.in
hurriyet,hurriyet.com.tr
onelogin,onelogin.com
geeksforgeeks,geeksforgeeks.org
alibaba,alibaba.com
zara,zara.com
nicovideo,nicovideo.jp
loom,loom.com
chouftv,chouftv.ma
itmedia,itmedia.co.jp
namasha,namasha.com
dreamstime,dreamstime.com
kakaku,kakaku.com
internetdownloadmanager,internetdownloadmanager.com
tass,tass.ru
liepin,liepin.com
mirconnect,mirconnect.ru
googlesyndication,googlesyndication.com
hao6v,hao6v.cc
incometax,incometax.gov.in
leetcode,leetcode.cn
upwork,upwork.com
spankbang,spankbang.com
chegg,chegg.com
messenger,messenger.com
wattpad,wattpad.com
xvideos-cdn,xvideos-cdn.com
irctc,irctc.co.in
acfun,acfun.cn
bybit,bybit.com
vnexpress,vnexpress.net
tencent,tencent.com
moegirl,moegirl.org.cn
myworkdayjobs,myworkdayjobs.com
espn,espn.com
dcinside,dcinside.com
meijutt,meijutt.tv
shein,shein.com
nypost,nypost.com
bukalapak,bukalapak.com
jinritemai,jinritemai.com
goodreads,goodreads.com
jotform,jotform.com
medicalnewstoday,medicalnewstoday.com
javdb,javdb.com
kohls,kohls.com
ddrk,ddrk.me
namnak,namnak.com
coursehero,coursehero.com
vecteezy,vecteezy.com
cloudconvert,cloudconvert.com
soso,soso.com
webex,webex.com
espncricinfo,espncricinfo.com
steamcommunity,steamcommunity.com
glassdoor,glassdoor.com
avito,avito.ru
docusign,docusign.com
zhaopin,zhaopin.com
redd,redd.it
itch,itch.io
daftsex,daftsex.com
imgur,imgur.com
emofid,emofid.com
nature,nature.com
dcard,dcard.tw
substack,substack.com
agoda,agoda.com
lemonde,lemonde.fr
duckduckgo,duckduckgo.com
mayoclinic,mayoclinic.org
secureserver,secureserver.net
kooora,kooora.com
redtube,redtube.com
microsoft,microsoft.com
v2ex,v2ex.com
wanfangdata,wanfangdata.com.cn
ancestry,ancestry.com
openai,openai.com
seznam,seznam.cz
uptobox,uptobox.com
2ch-c,2ch-c.net
naukri,naukri.com
reddit,reddit.com
india,india.com
mercari,mercari.com
daraz,daraz.pk
fang,fang.com
turbo,turbo.az
rottentomatoes,rottentomatoes.com
baidu,baidu.com
billdesk,billdesk.com
mailchimp,mailchimp.com
aliyun,aliyun.com
yelp,yelp.com
getintopc,getintopc.com
businessinsider,businessinsider.com
tinder,tinder.com
detik,detik.com
japanpost,japanpost.jp
huawei,huawei.com
poki,poki.com
hltv,hltv.org
coupang,coupang.com
9gag,9gag.com
zoho,zoho.com
eroterest,eroterest.net
rezka,rezka.ag
bola,bola.com
banvenez,banvenez.com
infobae,infobae.com
lanhuapp,lanhuapp.com
aliyuncs,aliyuncs.com
flashscore,flashscore.com
hotstar,hotstar.com
allegro,allegro.pl
bookmyshow,bookmyshow.com
craigslist,craigslist.org
online-convert,online-convert.com
feedly,feedly.com
cnet,cnet.com
nbcnews,nbcnews.com
netflix,netflix.com
jawapos,jawapos.com
mundodeportivo,mundodeportivo.com
thesun,thesun.co.uk
zhihu,zhihu.com
wallhaven,wallhaven.cc
kissjav,kissjav.li
sohu,sohu.com
feishu,feishu.cn
realsrv,realsrv.com
pearson,pearson.com
quora,quora.com
issuu,issuu.com
donmai,donmai.us
ebay,ebay.com
elpais,elpais.com
lenta,lenta.ru
evernote,evernote.com
1fichier,1fichier.com
britannica,britannica.com
mediafire,mediafire.com
alodokter,alodokter.com
behance,behance.net
flipkart,flipkart.com
taboola,taboola.com
tnaflix,tnaflix.com
csdn,csdn.net
rambler,rambler.ru
po-kaki-to,po-kaki-to.com
taleo,taleo.net
aliexpress,aliexpress.com
proton,proton.me
ansa,ansa.it
zerodha,zerodha.com
e-hentai,e-hentai.org
livedoor,livedoor.jp
shimo,shimo.im
livejournal,livejournal.com
ebay-kleinanzeigen,ebay-kleinanzeigen.de
myntra,myntra.com
calendly,calendly.com
biancheng,biancheng.net
animeflv,animeflv.net
dafont,dafont.com
newegg,newegg.com
noonoo,noonoo.tv
stripchat,stripchat.com
shopee,shopee.tw
europa,europa.eu
nowcoder,nowcoder.com
fedex,fedex.com
ninisite,ninisite.com
kontan,kontan.co.id
skype,skype.com
typeform,typeform.com
myanimelist,myanimelist.net
ixxx,ixxx.com
codegrepper,codegrepper.com
codepen,codepen.io
stripe,stripe.com
bet365,bet365.com
2345,2345.com
gmarket,gmarket.co.kr
runoob,runoob.com
consultant,consultant.ru
kakuyomu,kakuyomu.jp
tapd,tapd.cn
wikipedia,wikipedia.org
docker,docker.com
pornpics,pornpics.com
patria,patria.org.ve
stackoverflow,stackoverflow.com
tenki,tenki.jp
paypal,paypal.com
iwara,iwara.tv
makeuseof,makeuseof.com
699pic,699pic.com
game8,game8.jp
coingecko,coingecko.com
alipay,alipay.com
dailymotion,dailymotion.com
xhamsterlive,xhamsterlive.com
eshkol,eshkol.io
sznews,sznews.com
stackexchange,stackexchange.com
cambridge,cambridge.org
limestart,limestart.cn
netease,netease.com
bluehost,bluehost.com
disqus,disqus.com
eastmoney,eastmoney.com
ilbe,ilbe.com
tianyancha,tianyancha.com
huaban,huaban.com
huffpost,huffpost.com
ikco,ikco.ir
delta,delta.com
webpkgcache,webpkgcache.com
outbrain,outbrain.com
tiktok,tiktok.com
motherless,motherless.com
nyaa,nyaa.si
nike,nike.com
mehrnews,mehrnews.com
iconfont,iconfont.cn
mozilla,mozilla.org
nate,nate.com
ameblo,ameblo.jp
makemytrip,makemytrip.com
ithome,ithome.com
ultimate-guitar,ultimate-guitar.com
expedia,expedia.com
gitee,gitee.com
weather,weather.com
lichess,lichess.org
rakuten,rakuten.co.jp
researchgate,researchgate.net
lenovo,lenovo.com.cn
linktr,linktr.ee
tokyomotion,tokyomotion.net
python,python.org
blogimg,blogimg.jp
pixnet,pixnet.net
lazada,lazada.sg
rarbg,rarbg.to
ecosia,ecosia.org
avgle,avgle.com
ozon,ozon.ru
theporndude,theporndude.com
dianxiaomi,dianxiaomi.com
line,line.me
bet9ja,bet9ja.com
cnbc,cnbc.com
ahram,ahram.org.eg
uber,uber.com
tianya,tianya.cn
pinduoduo,pinduoduo.com
turkiye,turkiye.gov.tr
jable,jable.tv
powerbi,powerbi.com
leboncoin,leboncoin.fr
zoukankan,zoukankan.com
prothomalo,prothomalo.com
caliente,caliente.mx
4channel,4channel.org
wiktionary,wiktionary.org
novinky,novinky.cz
doc88,doc88.com
note,note.com
noon,noon.com
pexels,pexels.com
twitter,twitter.com
syosetu,syosetu.com
hepsiburada,hepsiburada.com
indiamart,indiamart.com
usnews,usnews.com
wise,wise.com
cisco,cisco.com
processon,processon.com
xfinity,xfinity.com
juejin,juejin.cn
zoro,zoro.to
costco,costco.com
discogs,discogs.com
tistory,tistory.com
yeniakit,yeniakit.com.tr
iqbroker,iqbroker.com
bankofamerica,bankofamerica.com
miro,miro.com
optnx,optnx.com
onlinedown,onlinedown.net
sciencedirect,sciencedirect.com
uchi,uchi.ru
corriere,corriere.it
caixa,caixa.gov.br
ashemaletube,ashemaletube.com
forbes,forbes.com
guancha,guancha.cn
ondemand,ondemand.com
pconline,pconline.com.cn
manganato,manganato.com
steampowered,steampowered.com
buzzfeed,buzzfeed.com
tandfonline,tandfonline.com
youjizz,youjizz.com
kayak,kayak.com
pornzog,pornzog.com
flightradar24,flightradar24.com
huaweicloud,huaweicloud.com
ibaotu,ibaotu.com
aparat,aparat.com
hubspot,hubspot.com
imagetwist,imagetwist.com
eporner,eporner.com
cnblogs,cnblogs.com
beijing,beijing.gov.cn
donya-e-eqtesad,donya-e-eqtesad.com
qidian,qidian.com
xhamster,xhamster.com
7mmtv,7mmtv.tv
pixiv,pixiv.net
chatwork,chatwork.com
eventbrite,eventbrite.com
crengate,crengate.com
surveymonkey,surveymonkey.com
razorpay,razorpay.com
kuaishou,kuaishou.com
iloveimg,iloveimg.com
onlinesbi,onlinesbi.com
bankmellat,bankmellat.ir
booking,booking.com
marriott,marriott.com
imdb,imdb.com
yandex,yandex.ru
indiatoday,indiatoday.in
cnbeta,cnbeta.com
unity,unity.com
trustpilot,trustpilot.com
hupu,hupu.com
fontawesome,fontawesome.com
directcpmfwr,directcpmfwr.com
sindonews,sindonews.com
xiaohongshu,xiaohongshu.com
binance,binance.com
ynet,ynet.co.il
mega,mega.nz
javmix,javmix.tv
metropoles,metropoles.com
jaavnacsdw,jaavnacsdw.com
theguardian,theguardian.com
videocampaign,videocampaign.co
schwab,schwab.com
nvidia,nvidia.com
marketwatch,marketwatch.com
disneyplus,disneyplus.com
proiezionidiborsa,proiezionidiborsa.it
intuit,intuit.com
shutterstock,shutterstock.com