brand,apex
amazon,a2z.com
amazon,amazon.ca
amazon,amazon.cn
amazon,amazoncognito.com
amazon,amazon.co.jp
amazon,amazon.com
amazon,amazon.com.au
amazon,amazon.com.mx
amazon,amazon-corp.com
amazon,amazon.co.uk
amazon,amazoncrl.com
amazon,amazon.de
amazon,amazon.es
amazon,amazon.eu
amazon,amazon.fr
amazon,amazon.in
amazon,amazon.it
amazon,amazonlogistics.com
amazon,amazonlogistics.eu
amazon,amazon.nl
amazon,amazonpay.com
amazon,amazonpay.in
amazon,amazonpayments.com
amazon,amazon.sa
amazon,amazontrust.com
amazon,amzn.to
amazon,associates-amazon.com
amazon,images-amazon.com
amazon,media-amazon.com
amazon,ssl-images-amazon.com
apple,aaplimg.com
apple,apple.co
apple,apple.com
apple,apple.com.cn
apple,apple-dns.cn
apple,apple-dns.net
apple,apple-mapkit.com
apple,apple.news
apple,cdn-apple.com
apple,mzstatic.com
windows,windows.com
windows,windows.net
google,1e100.net
google,agnss.goog
google,gvt1.com
google,g.cn
google,g.co
google,ggpht.com
google,google.ad
google,google.ae
google,google.al
google,google.am
google,googleapis.cn
google,googleapis.com
google,google.as
google,google.at
google,google.az
google,google.ba
google,google.be
google,google.bf
google,google.bg
google,google.bi
google,google.bj
google,google.bs
google,google.bt
google,google.by
google,google.ca
google,google.cat
google,google.cd
google,google.cf
google,google.cg
google,google.ch
google,google.ci
google,google.cl
google,google.cm
google,google.cn
google,google.co.ao
google,google.co.bw
google,google.co.ck
google,google.co.cr
google,googlecode.com
google,google.co.id
google,google.co.il
google,google.co.in
google,google.co.jp
google,google.co.ke
google,google.co.kr
google,google.co.ls
google,google.com
google,google.co.ma
google,google.com.af
google,google.com.ag
google,google.com.ai
google,google.com.ar
google,google.com.au
google,google.com.bd
google,google.com.bh
google,google.com.bn
google,google.com.bo
google,google.com.br
google,google.com.bz
google,google.com.co
google,google.com.cu
google,google.com.cy
google,google.com.do
google,google.com.ec
google,google.com.eg
google,google.com.et
google,google.com.fj
google,google.com.gh
google,google.com.gi
google,google.com.gt
google,google.com.hk
google,google.com.jm
google,google.com.kh
google,google.com.kw
google,google.com.lb
google,google.com.ly
google,google.com.mm
google,google.com.mt
google,google.com.mx
google,google.com.my
google,google.com.na
google,google.com.nf
google,google.com.ng
google,google.com.ni
google,google.com.np
google,google.com.om
google,google.com.pa
google,google.com.pe
google,google.com.pg
google,google.com.ph
google,google.com.pk
google,google.com.pr
google,google.com.py
google,google.com.qa
google,google.com.sa
google,google.com.sb
google,google.com.sg
google,google.com.sl
google,google.com.sv
google,google.com.tj
google,google.com.tr
google,google.com.tw
google,google.com.ua
google,google.com.uy
google,google.com.vc
google,google.com.vn
google,google.co.mz
google,google.co.nz
google,google.co.th
google,google.co.tz
google,google.co.ug
google,google.co.uk
google,google.co.uz
google,google.co.ve
google,google.co.vi
google,google.co.za
google,google.co.zm
google,google.co.zw
google,google.cv
google,google.cz
google,google.de
google,google.dj
google,google.dk
google,google.dm
google,googledownloads.cn
google,google.dz
google,google.ee
google,google.es
google,google.fi
google,google.fm
google,google.fr
google,google.ga
google,google.ge
google,google.gg
google,google.gl
google,google.gm
google,google.gp
google,google.gr
google,google.gy
google,google.hn
google,google.hr
google,google.ht
google,google.hu
google,google.ie
google,google.im
google,google.in
google,google.iq
google,google.is
google,google.it
google,google.je
google,google.jo
google,google.kg
google,google.ki
google,google.kz
google,google.la
google,google.li
google,google.lk
google,google.lt
google,google.lu
google,google.lv
google,google.md
google,google.me
google,google.mg
google,google.mk
google,google.ml
google,google.mn
google,google.ms
google,google.mu
google,google.mv
google,google.mw
google,google.ne
google,google.net
google,google.nl
google,google.no
google,google.nr
google,google.nu
google,googleoptimize.com
google,google.org
google,google.pl
google,google.pn
google,google.ps
google,google.pt
google,google.ro
google,google.rs
google,google.ru
google,google.rw
google,google.sc
google,google.se
google,google.sh
google,google.si
google,google.sk
google,google.sm
google,google.sn
google,google.so
google,google.sr
google,google.st
google,google.td
google,google.tg
google,google.tk
google,google.tl
google,google.tm
google,google.tn
google,google.to
google,google.tt
google,google.us
google,googleusercontent.com
google,google.vg
google,google.vu
google,googleweblight.in
google,google.ws
google,googlezip.net
google,gstatic.cn
google,gstatic.com
google,gvt2.com
google,gvt3.com
google,google.com
google,oo.gl
google,gvt1.com
google,withgoogle.com
tiktok,byteoversea.com
tiktok,byteoversea.com
tiktok,byteglb.com
tiktok,byteoversea.net
tiktok,isnssdk.com
tiktok,pstatp.com
tiktok,muscdn.com
tiktok,musemuse.cn
tiktok,musical.ly
tiktok,ibyteimg.com
tiktok,ibyteimg.com
tiktok,ibyteimg.com
tiktok,ibyteimg.com
tiktok,ibyteimg.com
tiktok,ibyteimg.com
tiktok,byteimg.com
tiktok,byteimg.com
tiktok,byteimg.com
tiktok,byteimg.com
tiktok,byteimg.com
tiktok,pstatp.com
tiktok,pstatp.com
tiktok,pstatp.com
tiktok,pstatp.com
tiktok,pstatp.com
tiktok,pstatp.com
tiktok,pstatp.com
tiktok,pstatp.com
tiktok,pstatp.com
tiktok,pstatp.com
tiktok,pstatp.com
tiktok,pstatp.com
tiktok,pstatp.com
tiktok,pstatp.com
tiktok,pstatp.com
tiktok,pstatp.com
tiktok,byteoversea.net
tiktok,byteoversea.net
tiktok,ipstatp.com
tiktok,pstatp.com
tiktok,pstatp.com
tiktok,sgsnssdk.com
tiktok,tiktokcdn.com
tiktok,atomile.com
tiktok,bytefcdn-oversea.com
tiktok,bytefcdn-ttpeu.com
tiktok,bytetcdn.com
tiktok,worldfcdn.com
tiktok,qlivecdn.com
tiktok,rocket-cdn.com
tiktok,tlivepush.com
tiktok,tiktokcdn-in.com
tiktok,tiktokcdn-us.com
tiktok,atomile.com
tiktok,tiktok.com
tiktok,tiktokd.org
tiktok,byteoversea.net
tiktok,byteoversea.net
tiktok,byteoversea.net
tiktok,tiktokv.com
tiktok,bytefcdn-oversea.com
tiktok,worldfcdn2.com
tiktok,worldfcdn.com
tiktok,tlivecdn.com
tiktok,ttlivecdn.com
tiktok,worldfcdn.com
tiktok,ttoversea.net
tiktok,ttoverseaus.net
youtube,googlevideo.com
youtube,gvt1.com
youtube,google.com
youtube,google.com
youtube,youtu.be
youtube,youtube.ae
youtube,youtube.al
youtube,youtube.am
youtube,youtube.at
youtube,youtube.az
youtube,youtube.ba
youtube,youtube.be
youtube,youtube.bg
youtube,youtube.bh
youtube,youtube.bo
youtube,youtube.by
youtube,youtube.ca
youtube,youtube.cat
youtube,youtube.ch
youtube,youtube.cl
youtube,youtube.co
youtube,youtube.co.ae
youtube,youtube.co.at
youtube,youtube.co.cr
youtube,youtube.co.hu
youtube,youtube.co.id
youtube,youtube.co.il
youtube,youtube.co.in
youtube,youtube.co.jp
youtube,youtube.co.ke
youtube,youtube.co.kr
youtube,youtube.com
youtube,youtube.co.ma
youtube,youtube.com.ar
youtube,youtube.com.au
youtube,youtube.com.az
youtube,youtube.com.bd
youtube,youtube.com.bh
youtube,youtube.com.bo
youtube,youtube.com.br
youtube,youtube.com.by
youtube,youtube.com.co
youtube,youtube.com.do
youtube,youtube.com.ec
youtube,youtube.com.ee
youtube,youtube.com.eg
youtube,youtube.com.es
youtube,youtube.com.gh
youtube,youtube.com.gr
youtube,youtube.com.gt
youtube,youtube.com.hk
youtube,youtube.com.hn
youtube,youtube.com.hr
youtube,youtube.com.jm
youtube,youtube.com.jo
youtube,youtube.com.kw
youtube,youtube.com.lb
youtube,youtube.com.lv
youtube,youtube.com.ly
youtube,youtube.com.mk
youtube,youtube.com.mt
youtube,youtube.com.mx
youtube,youtube.com.my
youtube,youtube.com.ng
youtube,youtube.com.ni
youtube,youtube.com.om
youtube,youtube.com.pa
youtube,youtube.com.pe
youtube,youtube.com.ph
youtube,youtube.com.pk
youtube,youtube.com.pt
youtube,youtube.com.py
youtube,youtube.com.qa
youtube,youtube.com.ro
youtube,youtube.com.sa
youtube,youtube.com.sg
youtube,youtube.com.sv
youtube,youtube.com.tn
youtube,youtube.com.tr
youtube,youtube.com.tw
youtube,youtube.com.ua
youtube,youtube.com.uy
youtube,youtube.com.ve
youtube,youtube.co.nz
youtube,youtube.co.th
youtube,youtube.co.tz
youtube,youtube.co.ug
youtube,youtube.co.uk
youtube,youtube.co.ve
youtube,youtube.co.za
youtube,youtube.co.zw
youtube,youtube.cr
youtube,youtube.cz
youtube,youtube.de
youtube,youtube.dk
youtube,youtubeeducation.com
youtube,youtube.ee
youtube,googleapis.com
youtube,youtube.es
youtube,youtube.fi
youtube,youtube.fr
youtube,youtube.ge
youtube,googleapis.com
youtube,youtube.gr
youtube,youtube.gt
youtube,youtube.hk
youtube,youtube.hr
youtube,youtube.hu
youtube,youtube.ie
youtube,googleapis.com
youtube,youtube.in
youtube,youtube.iq
youtube,youtube.is
youtube,youtube.it
youtube,youtube.jo
youtube,youtube.jp
youtube,youtubekids.com
youtube,youtube.kr
youtube,youtube.kz
youtube,youtube.la
youtube,youtube.lk
youtube,youtube.lt
youtube,youtube.lu
youtube,youtube.lv
youtube,youtube.ly
youtube,youtube.ma
youtube,youtube.md
youtube,youtube.me
youtube,youtube.mk
youtube,youtube.mn
youtube,youtube.mx
youtube,youtube.my
youtube,youtube.ng
youtube,youtube.ni
youtube,youtube.nl
youtube,youtube.no
youtube,youtube-nocookie.com
youtube,youtube.pa
youtube,youtube.pe
youtube,youtube.ph
youtube,youtube.pk
youtube,youtube.pl
youtube,youtube.pr
youtube,youtube.pt
youtube,youtube.qa
youtube,youtube.ro
youtube,youtube.rs
youtube,youtube.ru
youtube,youtube.sa
youtube,youtube.se
youtube,youtube.sg
youtube,youtube.si
youtube,youtube.sk
youtube,youtube.sn
youtube,youtube.soy
youtube,youtube.sv
youtube,youtube.tn
youtube,youtube.tv
youtube,youtube.ua
youtube,youtube.ug
youtube,google.com
youtube,youtube.uy
youtube,youtube.vn
youtube,ggpht.com
youtube,yt.be
youtube,ytimg.com
youtube,google.com
youtube,goo.gl
youtube,google.com
cisco,cisco.com
cisco,sourcefire.com
cisco,static-cisco.com
baidu,baidu.cn
baidu,baidu.com
baidu,baiducontent.com
baidu,baidu.hk
baidu,baidupcs.com
baidu,baidustatic.com
baidu,bdimg.com
baidu,bdstatic.com
baidu,gshifen.com
baidu,popin.cc
baidu,shifen.com
baidu,wshifen.com
taobao,mmstat.com
taobao,taobao.com
taobao,alibaba.com
taobao,tb.cn
netflix,flxvpn.net
netflix,netflix.ca
netflix,netflix.com
netflix,netflix.com.au
netflix,netflixdnstest10.com
netflix,netflixdnstest1.com
netflix,netflixdnstest2.com
netflix,netflixdnstest3.com
netflix,netflixdnstest4.com
netflix,netflixdnstest5.com
netflix,netflixdnstest6.com
netflix,netflixdnstest7.com
netflix,netflixdnstest8.com
netflix,netflixdnstest9.com
netflix,netflixinvestor.com
netflix,netflix.net
netflix,netflixstudios.com
netflix,netflixtechblog.com
netflix,nflxext.com
netflix,nflximg.com
netflix,nflximg.net
netflix,nflxso.net
netflix,nflxvideo.net
asana,asana.com
coinbase,coinbase.com
blogger,blogblog.com
blogger,blogger.com
blogger,google.com
blogger,blogspot.ae
blogger,blogspot.al
blogger,blogspot.am
blogger,blogspot.ba
blogger,blogspot.be
blogger,blogspot.bg
blogger,blogspot.ca
blogger,blogspot.ch
blogger,blogspot.cl
blogger,blogspot.co.at
blogger,blogspot.co.id
blogger,blogspot.co.il
blogger,blogspot.co.ke
blogger,blogspot.com
blogger,blogspot.com.ar
blogger,blogspot.com.au
blogger,blogspot.com.br
blogger,blogspot.com.by
blogger,blogspot.com.co
blogger,blogspot.com.cy
blogger,blogspot.com.ee
blogger,blogspot.com.eg
blogger,blogspot.com.es
blogger,blogspot.com.mt
blogger,blogspot.com.ng
blogger,blogspot.com.tr
blogger,blogspot.com.uy
blogger,blogspot.co.nz
blogger,blogspot.co.uk
blogger,blogspot.co.za
blogger,blogspot.cz
blogger,blogspot.de
blogger,blogspot.dk
blogger,blogspot.fi
blogger,blogspot.fr
blogger,blogspot.gr
blogger,blogspot.hk
blogger,blogspot.hr
blogger,blogspot.hu
blogger,blogspot.ie
blogger,blogspot.in
blogger,blogspot.is
blogger,blogspot.it
blogger,blogspot.jp
blogger,blogspot.kr
blogger,googleusercontent.com
blogger,blogspot.li
blogger,blogspot.lt
blogger,blogspot.lu
blogger,blogspot.md
blogger,blogspot.mk
blogger,blogspot.mx
blogger,blogspot.my
blogger,blogspot.nl
blogger,blogspot.no
blogger,blogspot.pe
blogger,blogspot.pt
blogger,blogspot.qa
blogger,blogspot.ro
blogger,blogspot.rs
blogger,blogspot.ru
blogger,blogspot.se
blogger,blogspot.sg
blogger,blogspot.si
blogger,blogspot.sk
blogger,blogspot.sn
blogger,blogspot.td
blogger,blogspot.tw
blogger,blogspot.ug
blogger,googleblog.com
oracle,oracle.com
shopee,shopee.cl
shopee,shopee.cn
shopee,shopee.co.id
shopee,shopee.com
shopee,shopee.com.br
shopee,shopee.com.co
shopee,shopee.com.mx
shopee,shopee.com.my
shopee,shopee.co.th
shopee,shopee.es
shopee,shopee.fr
shopee,shopee.id
shopee,shopee.in
shopee,shopee.io
shopee,shopeemobile.com
shopee,shopee.ph
shopee,shopee.sg
shopee,shopee.tw
shopee,shopee.vn
shopee,shp.ee
whatsapp,wa.me
whatsapp,whatsappbrand.com
whatsapp,whatsapp.cc
whatsapp,whatsapp.com
whatsapp,whatsapp.info
whatsapp,whatsapp.net
whatsapp,whatsapp.org
whatsapp,whatsapp-plus.info
whatsapp,whatsapp-plus.me
whatsapp,whatsapp-plus.net
whatsapp,whatsapp.tv
binance,binanceapi.com
binance,binance.cc
binance,binance.cloud
binance,binance.co
binance,binance.com
binance,binance.me
binance,binance.org
binance,binanceru.net
binance,binance.us
twitter,ads-twitter.com
twitter,periscope.tv
twitter,pscp.tv
twitter,t.co
twitter,tweetdeck.com
twitter,twimg.com
twitter,twitpic.com
twitter,twitter.co
twitter,twitter.com
twitter,twitterinc.com
twitter,twitteroauth.com
twitter,twitterstat.us
twitter,twttr.com
twitter,x.com
tmall,tmall.com
tmall,tmall.ru
zhihu,zhihu.com
zhihu,zhimg.com
xiaomi,mi.com
xiaomi,mi-img.com
xiaomi,xiaomi.com
xiaomi,xiaomi.net
xiaomi,xiaomiyoupin.com
stripe,stripecdn.com
stripe,stripe.com
stripe,stripe.network
mastercard,mastercard.ca
mastercard,mastercard.co.in
mastercard,mastercard.com
mastercard,mastercard.com.au
mastercard,mastercardconnect.com
mastercard,mastercard.int
mastercard,mastercard.us
mastercard,priceless.com
airbnb,abnb.me
airbnb,airbnbaction.com
airbnb,airbnb.ae
airbnb,airbnb.al
airbnb,airbnb.am
airbnb,airbnb.at
airbnb,airbnb.az
airbnb,airbnb.ba
airbnb,airbnb.be
airbnb,airbnb.ca
airbnb,airbnb.cat
airbnb,airbnb.ch
airbnb,airbnb.cl
airbnb,airbnb.cn
airbnb,airbnb.co.cr
airbnb,airbnb.co.id
airbnb,airbnb.co.il
airbnb,airbnb.co.in
airbnb,airbnb.co.kr
airbnb,airbnb.com
airbnb,airbnb.com.ar
airbnb,airbnb.com.au
airbnb,airbnb.com.bo
airbnb,airbnb.com.br
airbnb,airbnb.com.bz
airbnb,airbnb.com.co
airbnb,airbnb.com.ec
airbnb,airbnb.com.ee
airbnb,airbnb.com.gt
airbnb,airbnb.com.hk
airbnb,airbnb.com.hn
airbnb,airbnb.com.hr
airbnb,airbnb.com.kh
airbnb,airbnb.com.mt
airbnb,airbnb.com.my
airbnb,airbnb.com.ni
airbnb,airbnb.com.pa
airbnb,airbnb.com.pe
airbnb,airbnb.com.ph
airbnb,airbnb.com.py
airbnb,airbnb.com.ro
airbnb,airbnb.com.sg
airbnb,airbnb.com.sv
airbnb,airbnb.com.tr
airbnb,airbnb.com.tw
airbnb,airbnb.com.ua
airbnb,airbnb.com.vn
airbnb,airbnb.co.nz
airbnb,airbnb.co.uk
airbnb,airbnb.co.ve
airbnb,airbnb.co.za
airbnb,airbnb.cz
airbnb,airbnb.de
airbnb,airbnb.dk
airbnb,airbnb.es
airbnb,airbnb.fi
airbnb,airbnb.fr
airbnb,airbnb.gr
airbnb,airbnb.hu
airbnb,airbnb.ie
airbnb,airbnb.is
airbnb,airbnb.it
airbnb,airbnb.jp
airbnb,airbnb.la
airbnb,airbnb.lt
airbnb,airbnb.lu
airbnb,airbnb.lv
airbnb,airbnbmail.com
airbnb,airbnb.me
airbnb,airbnb.mx
airbnb,airbnb.nl
airbnb,airbnb.no
airbnb,airbnbpayments.com
airbnb,airbnb.pl
airbnb,airbnb.pt
airbnb,airbnb.rs
airbnb,airbnb.ru
airbnb,airbnb.se
airbnb,airbnb.si
airbnb,muscache.com
adobe,acrobat.com
adobe,adobecc.com
adobe,adobecces.com
adobe,adobeccstatic.com
adobe,adobe.com
adobe,adobeexchange.com
adobe,adobe-identity.com
adobe,adobe.io
adobe,adobejanus.com
adobe,adobelogin.com
adobe,adobe.net
adobe,adobeprojectm.com
adobe,adoberesources.net
adobe,adobesc.com
adobe,adobestock.com
adobe,createjs.com
adobe,licensingstack.com
adobe,myportfolio.com
adobe,photoshop.com
adobe,typekit.com
adobe,typekit.net
microsoft,aka.ms
microsoft,appcenter.ms
microsoft,aspnetcdn.com
microsoft,gfx.ms
microsoft,dynamics.com
microsoft,exp-tas.com
microsoft,gfx.ms
microsoft,live.com
microsoft,live.net
microsoft,microsoftapp.net
microsoft,microsoft.az
microsoft,microsoft.be
microsoft,microsoft.by
microsoft,microsoft.ca
microsoft,microsoft.cat
microsoft,microsoft.ch
microsoft,microsoft.cl
microsoft,microsoft.com
microsoft,nsatc.net
microsoft,microsoft.cz
microsoft,microsoft.de
microsoft,microsoft.dk
microsoft,microsoft.ee
microsoft,microsoft.es
microsoft,microsoft.eu
microsoft,microsoft.fi
microsoft,microsoft.ge
microsoft,microsoft.hu
microsoft,microsoft.io
microsoft,microsoft.is
microsoft,microsoft.it
microsoft,microsoft.jp
microsoft,microsoft.lt
microsoft,microsoft.lu
microsoft,microsoft.lv
microsoft,microsoft.md
microsoft,microsoft.net
microsoft,microsoftonline.us
microsoft,microsoft.pl
microsoft,microsoft.pt
microsoft,microsoft.red
microsoft,microsoftrewards.com
microsoft,microsoft.ro
microsoft,microsoft.rs
microsoft,microsoft.ru
microsoft,microsoft.se
microsoft,microsoft.si
microsoft,microsoftstoreemail.com
microsoft,microsoftstream.com
microsoft,microsofttranslator.com
microsoft,microsoft.tv
microsoft,microsoft.ua
microsoft,microsoft.us
microsoft,microsoft.uz
microsoft,microsoft.vn
microsoft,akadns6.net
microsoft,msappproxy.net
microsoft,msecnd.net
microsoft,msftconnecttest.com
microsoft,msftncsi.com
microsoft,msft.net
microsoft,msftstatic.com
microsoft,mshome.net
microsoft,nelreports.net
microsoft,nsatc.net
microsoft,onenote.net
microsoft,onestore.ms
microsoft,powerbi.com
microsoft,sfx.ms
microsoft,s-microsoft.com
microsoft,s-msft.com
microsoft,touchtype-fluency.com
microsoft,wbd.ms
microsoft,whiteboard.ms
microsoft,windowsmedia.com
microsoft,windowsphone.com
microsoft,v0cdn.net
minecraft,minecraft.net
minecraft,xboxlive.com
minecraft,msgamestudios.com
minecraft,minecraftservices.com
minecraft,minecraft-services.net
minecraft,mojang.com
instagram,cdninstagram.com
instagram,ig.me
instagram,igsonar.com
instagram,facebook.com
instagram,instagram.com
roblox,rbxcdn.com
roblox,rbxtrk.com
roblox,roblox.com
fidelity,fidelity.ca
fidelity,fidelity.com
fidelity,fidelity.co.uk
fidelity,fidelityinvestments.com
fidelity,streetscape.com
fidelity,wealthscape.com
paypal,paypal.at
paypal,paypal.be
paypal,paypalc3.com
paypal,paypalc3.net
paypal,paypal.ca
paypal,paypal.ch
paypal,paypal.cl
paypal,paypal.co
paypal,paypal.co.id
paypal,paypal.co.il
paypal,paypal.co.in
paypal,paypal.com
paypal,paypal.com.ar
paypal,paypal.com.au
paypal,paypal.com.br
paypal,paypal.com.hk
paypal,paypal-communication.com
paypal,paypal-community.com
paypal,paypal.com.mx
paypal,paypal.com.my
paypal,paypal.com.pe
paypal,paypal.com.pt
paypal,paypal.com.sa
paypal,paypal.com.sg
paypal,paypal.com.tr
paypal,paypal.com.tw
paypal,paypal.com.ve
paypal,paypal.co.nz
paypal,paypal-corp.com
paypal,paypalcorp.com
paypal,paypal.co.th
paypal,paypal.co.uk
paypal,paypal.co.za
paypal,paypal.de
paypal,paypal.dk
paypal,paypal.es
paypal,paypal.eu
paypal,paypal.fi
paypal,paypal.fr
paypal,paypal.ie
paypal,paypal.in
paypal,paypal.it
paypal,paypal.jp
paypal,paypal.lu
paypal,paypal.me
paypal,paypal-mktg.com
paypal,paypal.nl
paypal,paypal.no
paypal,paypalobjects.com
paypal,paypal.ph
paypal,paypal.pl
paypal,paypal-prepaid.com
paypal,paypal-promotions.com
paypal,paypal.pt
paypal,paypal.se
paypal,paypal.vn
paypal,pypl.com
norton,lifelock.com
norton,nortoncdn.com
norton,norton.com
norton,nortonlifelock.com
shopify,myshopify.com
shopify,shop.app
shopify,shopifyapps.com
shopify,shopifycdn.com
shopify,shopifycdn.net
shopify,shopifycloud.com
shopify,shopify.com
shopify,shopify.com.au
shopify,shopify.com.mx
shopify,shopify.co.za
shopify,shopify.dev
shopify,shopifynetwork.com
shopify,shopifypreview.com
shopify,shopifysvc.com
discord,discordapp.com
discord,discordapp.net
discord,discord.com
discord,discord.gg
discord,discord.media
discord,discordstatus.com
samsung,cspserver.net
samsung,game-mode.net
samsung,gos-gsp.io
samsung,pavv.co.kr
samsung,remotesamsung.com
samsung,samsungcloudcdn.com
samsung,samsungcloud.com
samsung,samsungcloudprint.com
samsung,samsungcloudsolution.com
samsung,samsungcloudsolution.net
samsung,samsung.co.kr
samsung,samsung.com
samsung,samsung.com.cn
samsung,samsungelectronics.com
samsung,samsung-gamelauncher.com
samsung,samsunghealth.com
samsung,samsungiotcloud.com
samsung,samsungknox.com
samsung,samsungnyc.com
samsung,samsungosp.com
samsung,samsungotn.net
samsung,samsungpositioning.com
samsung,samsungqbe.com
samsung,samsungrm.net
samsung,samsungrs.com
samsung,samsungsemi.com
samsung,samsungsetup.com
samsung,samsungusa.com
samsung,secb2b.com
samsung,samsungrm.net
samsung,smartthings.com
facebook,accountkit.com
facebook,acebook.com
facebook,faacebook.com
facebook,facebbook.com
facebook,facebookcareers.com
facebook,facebook.co
facebook,facebook.com
facebook,facebook.com.au
facebook,facebook.com.mx
facebook,facebook-dns.com
facebook,facebookenterprise.com
facebook,facebook-hardware.com
facebook,facebook.it
facebook,facebookmail.com
facebook,facebook.net
facebook,facebookrecruiting.com
facebook,facebookstudy.com
facebook,facebookvirtualassistant.com
facebook,fb.audio
facebook,fbcdn.net
facebook,fb.com
facebook,fbe2e.com
facebook,fb.gg
facebook,fbinfra.net
facebook,fb.me
facebook,fbpigeon.com
facebook,fbsbx.com
facebook,fbthirdpartypixel.com
facebook,fb.watch
facebook,fbwat.ch
facebook,internet.org
facebook,m-freeway.com
facebook,parse.com
facebook,wit.ai
costco,costco-adbutler.com
costco,costcobusinessdelivery.com
costco,costco.ca
costco,costco.co.jp
costco,costco.co.kr
costco,costco.com
costco,costco.com.au
costco,costco.com.mx
costco,costco.com.tw
costco,costco.co.nz
costco,costco.co.uk
costco,costco.es
costco,costco.fr
costco,costco.is
costco,costco.se
costco,costco-static.com
costco,costcotravel.com
costco,custhelp.com
bestbuy,bbystatic.com
bestbuy,bestbuy.ca
bestbuy,bestbuy.com
bestbuy,bestbuypromotions.ca
telegram,telegram.me
telegram,telegram.org
telegram,telesco.pe
telegram,tg.dev
telegram,t.me
proton,pm.me
proton,proton.me
slack,slackb.com
slack,slack.com
slack,slack-core.com
slack,slack-edge.com
slack,slack-files.com
slack,slack-imgs.com
slack,slack-msgs.com
slack,slack-redir.net
rakuten,buy.com
rakuten,kobo.com
rakuten,rakutenadvertising.io
rakuten,rakuten.ca
rakuten,rakuten.co.jp
rakuten,rakuten.com
rakuten,rakuten.com.sg
rakuten,rakuten.com.tw
rakuten,rakuten.fr
rakuten,rakutengiftcards.ca
rakuten,rakuten.ne.jp
rakuten,rakuten-static.com
rakuten,rakutenadvertising.io
weibo,weibocdn.com
weibo,weibo.cn
weibo,weibo.com
auth0,auth0.com
douyin,amemv.com
douyin,bytedns1.com
douyin,cdnbuild.net
douyin,douyincdn.com
douyin,bytedns1.com
douyin,bytefcdn.com
douyin,volcfcdndvs.com
douyin,tcdnlive.com
douyin,ucloud.com.cn
douyin,douyin.com
douyin,douyinliving.com
douyin,douyinpic.com
douyin,douyinstatic.com
douyin,douyinvod.com
douyin,wo.cn
douyin,pstatp.com
forbes,forbes.com
forbes,forbes.com.br
forbes,forbes.com.mx
forbes,forbesimg.com
forbes,media.net
linkedin,bizographics.com
linkedin,dc-msedge.net
linkedin,l-dc-msedge.net
linkedin,l-msedge.net
linkedin,l-msedge.net
linkedin,licdn.cn
linkedin,licdn.com
linkedin,linkedin.at
linkedin,linkedin.cn
linkedin,linkedin.com
linkedin,linkedinmobileapp.com
linkedin,qtlcdn.com
linkedin,lnkd.in
twitch,ext-twitch.tv
twitch,jtvnw.net
twitch,live-video.net
twitch,ttvnw.net
twitch,a2z.com
twitch,twitchcdn.net
twitch,twitchcdn-shadow.net
twitch,twitch-shadow.net
twitch,twitchsvc.net
twitch,twitchsvc-staging.tech
twitch,twitch.tv
indeed,indeed.ae
indeed,indeed.ca
indeed,indeed.ch
indeed,indeed.cl
indeed,indeed.co.in
indeed,indeed.com
indeed,indeed.com.au
indeed,indeed.com.br
indeed,indeed.com.co
indeed,indeed.com.mx
indeed,indeed.com.my
indeed,indeed.com.pe
indeed,indeed.com.ph
indeed,indeed.com.pk
indeed,indeed.com.sg
indeed,indeed.co.uk
indeed,indeed.co.ve
indeed,indeed.co.za
indeed,indeed.de
indeed,indeedemail.com
indeed,indeed.es
indeed,indeedevents.com
indeed,indeed.fi
indeed,indeed.fr
indeed,indeed.hk
indeed,indeed.ie
indeed,indeed.jobs
indeed,indeedjobs.com
indeed,indeed.jp
indeed,indeed.lu
indeed,indeed.nl
indeed,indeed.pt
huawei,dbankcdn.cn
huawei,dbankcdn.com
huawei,dbankcloud.cn
huawei,dbankcloud.com
huawei,dbankcloud.eu
huawei,dbank.com
huawei,dbankedge.cn
huawei,dbankedge.net
huawei,harmonyos.com
huawei,hicloud.com
huawei,huawei.asia
huawei,huawei.com
huawei,huaweistatic.com
huawei,hwccpc.com
huawei,vmall.com
walmart,samsclub.com
walmart,sams.com.mx
walmart,walmart.ca
walmart,wal-mart.com
walmart,walmart.com
walmart,walmart.com.mx
walmart,walmartimages.com
walmart,walmart.net
webex,ciscospark.com
webex,ciscowebex.com
webex,accompany.com
webex,wbx2.com
webex,webexapis.com
webex,webexapps.com
webex,webex.ca
webex,webex.co.in
webex,webex.co.it
webex,webex.co.jp
webex,webex.co.kr
webex,webex.com
webex,webex.com.au
webex,webex.com.br
webex,webex.com.cn
webex,webex.com.hk
webex,webex.com.mx
webex,webexconnect.com
webex,webexcontent.com
webex,webex.co.nz
webex,webex.co.uk
webex,webex.de
webex,webex.es
webex,webex.fr
yahoo,js7k.com
yahoo,oath.cloud
yahoo,oath.com
yahoo,verizonmedia.com
yahoo,yahooapis.com
yahoo,yahooapis.jp
yahoo,yahoo.cm
yahoo,yahoo.cn
yahoo,yahoo.co.id
yahoo,yahoo.co.jp
yahoo,yahoo.co.kr
yahoo,yahoo.com
yahoo,yahoo.com.cn
yahoo,yahoo.com.hk
yahoo,yahoo.com.sg
yahoo,yahoo.com.tw
yahoo,yahoo.com.vn
yahoo,yahoo.co.uk
yahoo,yahoodns.net
yahoo,yahoo.fr
yahoo,yahoo-inc.com
yahoo,yahoomail.jp
yahoo,yahoo.net
yahoo,yahoo-net.jp
yahoo,yahoosandbox.com
yahoo,yahoosmallbusiness.com
yahoo,yahoo.tw
yahoo,uservoice.com
yahoo,yimg.com
yahoo,yimg.jp
reddit,redd.it
reddit,redditblog.com
reddit,reddit.com
reddit,redditinc.com
reddit,redditmail.com
reddit,redditmedia.com
reddit,redditstatic.com
reddit,redditstatus.com
commbank,commbank.com.au
commbank,netbank.com.au
nintendo,nintendo.be
nintendo,nintendo.co.jp
nintendo,nintendo.com
nintendo,nintendo.com.au
nintendo,nintendo.co.uk
nintendo,nintendo.de
nintendo,nintendo.es
nintendo,nintendo.eu
nintendo,nintendo-europe.com
nintendo,nintendo.fr
nintendo,nintendo.it
nintendo,nintendo.jp
nintendo,nintendo.net
nintendo,nintendo.nl
nintendo,nintendoswitch.cn
nintendo,nintendowifi.net
spotify,pscdn.co
spotify,scdn.co
spotify,spoti.fi
spotify,spotifycdn.com
spotify,spotifycdn.net
spotify,spotifycharts.com
spotify,spotifycodes.com
spotify,spotify.com
spotify,spotifyjobs.com
spotify,spotifynewsroom.jp
spotify,spotilocal.com
spotify,tospotify.com
tinder,gotinder.com
tinder,tinder.com
tinder,tindersparks.com
alibaba,aliapp.org
alibaba,alibaba.com
alibaba,alibabacorp.com
nextdoor,nextdoor.com
verizon,verizon.com
yandex,yandexadexchange.net
yandex,yandex.com
yandex,yandex.com.tr
yandex,yandex.kz
yandex,yandex.net
yandex,yandex-net.ru
yandex,yandex.ru
yandex,yandex.ua
yandex,ya.ru
yandex,yastatic.net
salesforce,documentforce.com
salesforce,evergage.com
salesforce,force.com
salesforce,krxd.net
salesforce,letscommercetogether.com
salesforce,marketingcloudapis.com
salesforce,pardot.com
salesforce,salesforce.com
salesforce,salesforceliveagent.com
salesforce,sfmc-content.com
salesforce,sforce.co
salesforce,siteforce.com
marriott,email-marriott.com
marriott,marriott.com
marriott,glassboxdigital.io
marriott,res-marriott.com
docker,docker.com
docker,docker.io
toutiao,pangolin-sdk-toutiao1.com
toutiao,pangolin-sdk-toutiao.com
toutiao,pglstatp-toutiao.com
toutiao,toutiaoapi.com
toutiao,toutiaocdn.com
toutiao,toutiaocloud.com
toutiao,toutiaocloud.net
toutiao,toutiao.com
toutiao,toutiaohao.com
toutiao,toutiaohao.net
toutiao,toutiaoimg.cn
toutiao,toutiaoimg.com
toutiao,toutiaoimg.net
toutiao,toutiaopage.com
toutiao,toutiaostatic.com
santander,santander.cl
santander,santander.com
fandom,fandom.com
fandom,wikia.com
fandom,nocookie.net
fandom,wikia-services.com
agoda,agoda.com
openai,oaistatic.com
openai,openai.com
openai,azurefd.net
openai,imgix.net
openai,atlassian.com
wayfair,csnstores.com
wayfair,wayfair.ca
wayfair,wayfair.com
wayfair,wayfair.co.uk
wayfair,wayfair.de
wayfair,wayfair.io
wayfair,wfrlh.com
github,ghcr.io
github,githubapp.com
github,githubassets.com
github,github.com
github,github.community
github,github.io
github,githubnext.com
github,githubusercontent.com
playstation,gaikai.com
playstation,playstation-cloud.com
playstation,playstation-cloud.net
playstation,playstation.com
playstation,playstation.net
playstation,scea.com
playstation,sonyentertainmentnetwork.com
playstation,sony.com
barclays,barclays.co.uk
barclays,barclays.mobi
tumblr,tumblr.com
hao123,hao123.com
westpac,westpac.com.au
westpac,westpac.co.nz
pinterest,cedexis.net
pinterest,akapinimg.net
pinterest,pinimg.com
pinterest,pin.it
pinterest,pinterest.at
pinterest,pinterest.ca
pinterest,pinterestcareers.com
pinterest,pinterest.ch
pinterest,pinterest.cl
pinterest,pinterest.co.kr
pinterest,pinterest.com
pinterest,pinterest.com.au
pinterest,pinterest.com.mx
pinterest,pinterest.co.uk
pinterest,pinterest.de
pinterest,pinterest.dk
pinterest,pinterest.es
pinterest,pinterest.fr
pinterest,pinterest.ie
pinterest,pinterest.info
pinterest,pinterest.it
pinterest,pinterest.jp
pinterest,pinterestmail.com
pinterest,pinterest.net
pinterest,pinterest.nz
pinterest,pinterest.ph
pinterest,pinterest.pt
pinterest,pinterest.ru
pinterest,pinterest.se
lenovo,lenovo.com
lenovo,lenovo.com.cn
lenovo,lenovoemc.com
lenovo,lenovomm.cn
lenovo,lenovomm.com
blizzard,battle.net
blizzard,battlenet.com.cn
blizzard,blizzard.cn
blizzard,blizzard.com
blizzard,blizzardgames.cn
blizzard,blz-contentstack.com
blizzard,blz.dev
blizzard,blzstatic.cn
blizzard,163.com
blizzard,bnet.cn
zillow,zg-api.com
zillow,zillowapi.com
zillow,zillow.com
zillow,zillow.net
zillow,zillowstatic.com
iqiyi,iq.com
iqiyi,iqiyi.com
iqiyi,iqiyipic.com
iqiyi,ppstream.com
iqiyi,pps.tv
iqiyi,qiyi.com
iqiyi,qiyipic.com
iqiyi,qy.net
youdao,127.net
youdao,127.net
youdao,ydstatic.com
youdao,youdao.com
youdao,163jiasu.com
quora,poecdn.net
quora,poe.com
quora,quoracdn.net
quora,quora.com
figma,figma.com
lazada,lazada.co.id
lazada,lahuashanbx.com
lazada,lazada.com
lazada,lazada.com.my
lazada,lazada.com.ph
lazada,lazada.co.th
lazada,lazada.sg
lazada,lazada.vn
lazada,ksyunv5.com
lazada,slatic.net
upwork,static-upwork.com
upwork,upwork.com
hubspot,hs-analytics.net
hubspot,hsappstatic.net
hubspot,hs-banner.com
hubspot,hscollectedforms.net
hubspot,hscoscdn00.net
hubspot,hscoscdn10.net
hubspot,hscoscdn20.net
hubspot,hscoscdn30.net
hubspot,hscoscdn40.net
hubspot,hsforms.com
hubspot,hsforms.net
hubspot,hs-scripts.com
hubspot,hubapi.com
hubspot,hubapiqa.com
hubspot,ably-realtime.com
hubspot,ably-realtime.com
hubspot,ably-realtime.com
hubspot,hubspot.com
hubspot,ably-realtime.com
hubspot,ably-realtime.com
hubspot,hubspotemail.net
hubspot,hubspot.es
hubspot,ably-realtime.com
hubspot,ably-realtime.com
hubspot,ably-realtime.com
hubspot,ably-realtime.com
hubspot,ably-realtime.com
hubspot,ably.io
hubspot,ably.io
hubspot,hubspotlinks.com
hubspot,hubspot.net
hubspot,hubspotqa.com
hubspot,ably.io
hubspot,ably.io
hubspot,hubspotusercontent-eu1.net
hubspot,hubspotusercontent-na1.net
hubspot,sidekickopen90.com
hubspot,usemessages.com
craigslist,craigslist.ca
craigslist,craigslist.org
aliexpress,ae-rus.net
aliexpress,ae-rus.ru
aliexpress,aliexpress.com
aliexpress,aliexpress.ru
macys,macysassets.com
macys,macys.com
macys,macysinc.com
macys,store-macys.com
skype,s-dc-msedge.net
skype,skypeassets.com
skype,skype.com
zendesk,zdassets.com
zendesk,zdorigin.com
zendesk,zendesk.com
zendesk,zopim.com
expedia,expedia.at
expedia,expedia.be
expedia,expedia.ca
expedia,expedia.ch
expedia,expedia.cn
expedia,expedia-cn.com
expedia,expedia.co.id
expedia,expedia.co.in
expedia,expedia.co.jp
expedia,expedia.co.kr
expedia,expedia.com
expedia,expedia.com.ar
expedia,expedia.com.au
expedia,expedia.com.br
expedia,expedia.com.hk
expedia,expedia.com.my
expedia,expedia.com.ph
expedia,expedia.com.sg
expedia,expedia.com.tw
expedia,expedia.com.vn
expedia,expedia.co.nz
expedia,expedia.co.th
expedia,expedia.co.uk
expedia,expedia.de
expedia,expedia.dk
expedia,expedia.es
expedia,expedia.fi
expedia,expedia.fr
expedia,expediagroup.com
expedia,expedia.ie
expedia,expedia.it
expedia,expedia.mx
expedia,expedia.nl
expedia,expedia.no
expedia,ably.io
expedia,ably.io
expedia,expedia.se
expedia,travel-assets.com
speedtest,cdnst.net
speedtest,ooklaserver.net
speedtest,pingtest.net
speedtest,speedtestcustom.com
speedtest,speedtest.net
fedex,fedex.ca
fedex,fedex.com
fedex,epsihost.com
fedex,fedexexpress.com.kh
fedex,fedex.lt
fedex,trackmytrakpak.com
xunlei,sandai.net
xunlei,xunlei.com
wikipedia,wikipedia.org
bloomberg,bloombergbusiness.com
bloomberg,bloomberg.co.jp
bloomberg,bloomberg.com
bloomberg,bloomberg.fm
bloomberg,bloombergindustry.com
bloomberg,bloomberglaw.com
bloomberg,bloombergmedia.com
bloomberg,bloomberg.net
bloomberg,blpprofessional.com
bloomberg,bna.com
bloomberg,bwbx.io
doordash,sendbird.com
doordash,cdn4dd.com
doordash,doordash.com
doordash,sendbird.com
dropbox,db.tt
dropbox,dropboxapi.com
dropbox,dropboxbusiness.com
dropbox,dropboxcaptcha.com
dropbox,dropbox.com
dropbox,dropbox-dns.com
dropbox,dropboxforum.com
dropbox,dropboxforums.com
dropbox,dropboxinsiders.com
dropbox,dropboxmail.com
dropbox,dropboxpartners.com
dropbox,dropboxpayments.com
dropbox,dropboxstatic.com
dropbox,dropboxteam.com
dropbox,dropbox.tech
dropbox,dropboxusercontent.com
dropbox,getdropbox.com
glassdoor,glassdoor.ca
glassdoor,glassdoor.com
feishu,feishuapp.cn
feishu,bytedns1.com
feishu,cdnbuild.net
feishu,feishucdn.com
feishu,feishu.cn
feishu,bytedns1.com
feishu,feishuimg.com
snapchat,addlive.io
snapchat,feelinsonice.com
snapchat,sc-cdn.net
snapchat,sc-corp.net
snapchat,sc-gw.com
snapchat,sc-jpl.com
snapchat,sc-prod.net
snapchat,sc-static.net
snapchat,snapads.com
snapchat,snapchat.com
snapchat,snap-dev.net
snapchat,snapkit.com
snapchat,snapmap.com
snapchat,snapmap.org
snapchat,snapmaps.com
snapchat,google.com
sogou,sogoucdn.com
sogou,sogou.com
kohls,kohls.com
kohls,kohlscorporation.com
kohls,kohlsimg.com
kohls,kohlslocal.com
mediafire,mediafire.com
mediafire,mediafire.dev
gitlab,gitlab.com
gitlab,gitlab.io
gitlab,gitlab.net
gitlab,gitlab-static.net
tripadvisor,jscache.com
tripadvisor,seatguru.com
tripadvisor,tacdn.com
tripadvisor,tamgrt.com
tripadvisor,tripadvisor.ar
tripadvisor,tripadvisor.at
tripadvisor,tripadvisor.ca
tripadvisor,tripadvisor.ch
tripadvisor,tripadvisor.cn
tripadvisor,tripadvisor.co
tripadvisor,tripadvisor.co.hu
tripadvisor,tripadvisor.co.id
tripadvisor,tripadvisor.co.il
tripadvisor,tripadvisor.co.kr
tripadvisor,tripadvisor.com
tripadvisor,tripadvisor.com.au
tripadvisor,tripadvisor.com.br
tripadvisor,tacdn.com
tripadvisor,tripadvisor.com.hk
tripadvisor,tripadvisor.com.my
tripadvisor,tripadvisor.com.pe
tripadvisor,tripadvisor.com.ph
tripadvisor,tripadvisor.com.sg
tripadvisor,tripadvisor.com.tw
tripadvisor,tripadvisor.com.vn
tripadvisor,tripadvisor.co.nz
tripadvisor,tripadvisor.co.uk
tripadvisor,tripadvisor.cz
tripadvisor,tripadvisor.de
tripadvisor,tripadvisor.dk
tripadvisor,tripadvisor.es
tripadvisor,tripadvisor.fi
tripadvisor,tripadvisor.ie
tripadvisor,tripadvisor.in
tripadvisor,tripadvisor.it
tripadvisor,tripadvisor.jp
tripadvisor,tripadvisor.nl
tripadvisor,tripadvisor.rs
tripadvisor,tripadvisor.ru
tripadvisor,tripadvisor.sk
tripadvisor,tripadvisor.tr
evernote,evernote.com
alipay,alipay.cn
alipay,alipay.com
alipay,alipay.com.cn
alipay,alipaydns.com
alipay,alipay.hk
alipay,alipayobjects.com
alipay,zamcs.com
bitly,bit.ly
bitly,bitly.com
docusign,docusign.ca
docusign,docusign.com
docusign,docusign.com.au
docusign,docusign.com.br
docusign,docusign.com.es
docusign,docusign.co.uk
docusign,docusign.co.za
docusign,docusign.de
docusign,docusign.fr
docusign,docusign.in
docusign,docusign.it
docusign,docusign.jp
docusign,docusign.mx
docusign,docusign.net
docusign,netlifyglobalcdn.com
docusign,docusign.nl
docusign,docusign.sg
autodesk,autodesk360.com
autodesk,autodesk.ae
autodesk,autodesk.be
autodesk,autodesk.ca
autodesk,autodesk.ch
autodesk,autodesk.co.jp
autodesk,autodesk.co.kr
autodesk,autodesk.com
autodesk,autodesk.com.au
autodesk,autodesk.com.br
autodesk,autodesk.com.cn
autodesk,autodesk.com.hk
autodesk,autodesk.com.my
autodesk,autodesk.com.sg
autodesk,autodesk.com.tr
autodesk,autodesk.com.tw
autodesk,autodesk.co.nz
autodesk,autodesk.co.uk
autodesk,autodesk.co.za
autodesk,autodesk.cz
autodesk,autodesk.de
autodesk,autodesk.dk
autodesk,autodesk.es
autodesk,autodesk.eu
autodesk,autodesk.fi
autodesk,autodesk.fr
autodesk,autodesk.hu
autodesk,autodesk.in
autodesk,autodesk.it
autodesk,lithium.com
autodesk,autodesk.mx
autodesk,autodesk.net
autodesk,autodesk.nl
autodesk,autodesk.no
autodesk,autodesk.org
autodesk,autodesk.pl
autodesk,autodesk.pt
autodesk,autodesk.ru
autodesk,autodesk.se
nvidia,geforce.com
nvidia,nvidia.cn
nvidia,nvidia.com
nvidia,ogslb.com
nvidia,nvidia.eu
nvidia,nvidiagrid.net
nvidia,nvidianews.com
nvidia,nvidia.partners
nvidia,tegrazone.com
netsuite,netsuite.com
trello,trello.com
jianshu,jianshu.com
jianshu,jianshu.io
buzzfeed,buzzfeed.bio
buzzfeed,buzzfeed.com
buzzfeed,buzzfeed.de
buzzfeed,buzzfeednews.com
accuweather,accu-weather.com
accuweather,accuweather.com
duckduckgo,duckduckgo.com
webmd,webmd.com
vimeo,livestream.com
vimeo,vhx.com
vimeo,vhx.tv
vimeo,vimeocdn.com
vimeo,vimeo.com
vimeo,extole.com
hootsuite,hootsuite.com
instructure,canvaslms.com
instructure,canvas-user-content.com
instructure,instructure.com
flickr,flic.kr
flickr,flickr.com
flickr,flickr.net
flickr,flickrprints.com
flickr,flickrpro.com
flickr,staticflickr.com
wetransfer,wetransfer.com
wikimedia,wikimediafoundation.org
wikimedia,wikimedia.org
ticketmaster,admission.com
ticketmaster,ppub-tmaws.io
ticketmaster,pub-tmaws.io
ticketmaster,ticketmaster.at
ticketmaster,ticketmaster.be
ticketmaster,ticketmaster.ca
ticketmaster,ticketmaster.ch
ticketmaster,ticketmaster.com
ticketmaster,ticketmaster.com.au
ticketmaster,ticketmaster.com.mx
ticketmaster,ticketmaster.co.nz
ticketmaster,ticketmaster.co.uk
ticketmaster,ticketmaster.cz
ticketmaster,ticketmaster.de
ticketmaster,ticketmaster.dk
ticketmaster,ticketmaster.es
ticketmaster,ticketmaster.fi
ticketmaster,ticketmaster.fr
ticketmaster,ticketmaster.ie
ticketmaster,ticketmaster.it
ticketmaster,ticketmaster.net
ticketmaster,ticketmaster.nl
ticketmaster,ticketmaster.no
ticketmaster,ticketmaster.pl
ticketmaster,ticketmaster.se
ticketmaster,ticketm.net
ticketmaster,tmconst.com
ticketmaster,tmol.co
ticketmaster,tmol.io
ticketmaster,t-x.io
wondershare,wondershare.ae
wondershare,wondershare.cn
wondershare,wondershare.com
soundcloud,sndcdn.com
soundcloud,goo.gl
soundcloud,soundcloud.com
soundcloud,soundcloudmail.com
taboola,connexity.com
taboola,connexity.net
taboola,img-taboola.com
taboola,perfectmarket.com
taboola,startmagazine.com
taboola,startscreen.com
taboola,gravityrd-services.com
taboola,taboola.com
taboola,taboolanews.com
taboola,thestartmagazine.com
taboola,zorosrv.com
visualstudio,l-msedge.net
visualstudio,visualstudio.com
visualstudio,microsoft.com
visualstudio,vsallin.net
visualstudio,vsassets.io
standardbank,standardbank.com
standardbank,standardbank.co.za
disqus,disq.us
disqus,disquscdn.com
disqus,disqus.com
giphy,giphy.com
fontawesome,fontawesome.com
grammarly,grammarlyaws.com
grammarly,grammarly.com
grammarly,grammarly.io
runescape,runescape.com
scotiabank,scotiabank.com
scotiabank,scotiabank.com.mx
scotiabank,scotiabank.com.pe
indiatimes,indiatimes.com
indiatimes,indiatimes.in
imgur,imgur.com
lloydsbank,lloydsbank.co.uk
lloydsbank,lloydsbanking.com
lloydsbank,lloydsbanking.co.uk
lloydsbank,lloydstsb.co.uk
lloydsbank,lloydstsb.net
zynga,zynga.com
zynga,zyngagames.com
zynga,zynga.my
zynga,zyngapoker.com
